,motif,CLUMP
0,DDVFH,0
1,SAFPV,1
2,SAFEV,0
3,DEERG,2
4,DLKDAIK,3
5,EEERA,2
6,DEERGI,2
7,DLKDKIK,3
8,DLKEAIK,3
9,IHVLM,4
10,CDAKNLQ,3
11,LFCAVIG,5
12,LYCVVVG,5
13,YYDPAR,6
14,QFKEW,6
15,YLDDFN,0
16,YVDDFN,0
17,VVPDQ,0
18,LFAAKK,4
19,VVPEH,0
20,MVKLF,4
21,WLETG,0
22,WLDTG,0
23,LFLAKQ,4
24,YGDEM,0
25,FHVLFE,6
26,LFCAVVG,5
27,LQCAVVG,5
28,GEERG,2
29,VHVLVV,7
30,CDAKDLQ,3
31,DDIFT,0
32,IHVLVM,7
33,VAGSAF,1
34,IDESKSV,3
35,VGVAGS,1
36,FHVTFE,6
37,LFCAIAG,5
38,LFLAKR,4
39,ELQGED,2
40,LQLFLA,4
41,IDENKSV,3
42,LQCAIVG,5
43,VNVLV,7
44,GSAFSVE,8
45,QTGLWL,1
46,QFKDW,6
47,IITCD,9
48,WHFFW,6
49,NFKIW,6
50,QFKQW,6
51,YGDDAL,0
52,GNAFPVD,8
53,IHVLV,7
54,LFCSVVG,5
55,LFLAWK,4
56,LVGDL,1
57,VDESDTV,3
58,QVGDWL,0
59,VDEGKTV,3
60,QFKRW,6
61,DLKKAVK,3
62,WRFFW,6
63,EHAQT,2
64,DLKKVIK,3
65,IDADKLQ,3
66,GEKTA,2
67,HVLVVVP,7
68,VHVLVA,7
69,GEKTT,2
70,DEERGF,2
71,RFQR,10
72,YYDPTR,6
73,EEERG,2
74,DEERW,2
75,QFKKW,6
76,VHVLVE,7
77,LFCAI,4
78,MVTLY,4
79,LLASP,1
80,VDDFN,0
81,VKLFC,4
82,QFKTW,6
83,LFLAKA,4
84,QIHVL,7
85,LLCAIVG,5
86,GSVFSVD,8
87,LICAIVG,5
88,LLCAVVG,5
89,ILKKAIK,3
90,MVTLF,4
91,RYLR,6
92,WHFSW,6
93,VDDFT,0
94,VHVLQ,7
95,RFLR,6
96,LFCSIVG,5
97,YGDEK,2
98,IHVLVA,7
99,TITCH,9
100,KLFCA,4
101,DEERGP,2
102,RHLR,10
103,KKAIK,10
104,RNLR,10
105,MVKLFC,4
106,VDDYN,0
107,KDAIK,10
108,MVKFF,6
109,TATCD,9
110,MVMLF,4
111,MVGDL,1
112,LVCAVVG,5
113,RMLR,10
114,LFCAIVG,5
115,DEERGW,2
116,VDESDSV,3
117,MEERG,2
118,MDDFN,0
119,GSVFPVD,8
120,DDIFK,0
121,IHVLVV,7
122,FHVLFK,6
123,CAVVG,1
124,TITCD,9
125,YGDEA,0
126,LTCAIVG,5
127,IHVLVE,7
128,DLKNAIK,3
129,DEERAF,2
130,HLKKVIK,3
131,FIENAAL,4
132,WLATG,1
133,AKNPTK,2
134,MVKLL,4
135,WLVTG,1
136,RRLR,10
137,FHVLV,7
138,VHILV,7
139,DEERI,2
140,CVVVG,1
141,LCCAIVG,5
142,GSAFEVD,8
143,IHILV,7
144,KLFLA,4
145,PVDID,0
146,DEERA,2
147,QLFLA,4
148,VDADKLQ,3
149,TITGD,9
150,LFCWVVG,5
151,VDAKNLQ,3
152,DLQKAIK,3
153,LQLFLAK,4
154,VDDFL,7
155,YVNDFN,0
156,IHVLVD,7
157,MFKIW,6
158,LGSPLLN,1
159,GSVFEVD,8
160,WKVTG,0
161,CCIVG,1
162,MVKLV,4
163,CACVG,1
164,FHRQFE,6
165,CSVVG,1
166,DEERAI,2
167,GSTFPVD,8
168,VHVLV,7
169,WTVTG,1
170,LFCAPVG,5
171,ALKKAIK,3
172,YVDMFN,0
173,IHVLVK,7
174,VVPEQ,0
175,QFKAW,6
176,DDVFT,0
177,YVDEFN,0
178,LYCAVVG,5
179,GSAFSVD,8
180,YMDEFN,0
181,CAIDG,9
182,DDVFK,0
183,PFCAIVG,5
184,FFCAVVG,5
185,LMASP,1
186,QFAKW,6
187,VDMFN,0
188,RSLR,10
189,LFLARK,4
190,HLKEAIK,3
191,LFCCIVG,5
192,QFQKW,6
193,YGDHA,6
194,LYCAIVG,5
195,GSAFEVR,8
196,GVAGSAF,1
197,LFKKW,6
198,MFKKW,6
199,QFKIW,6
200,NFKAW,6
201,SEERG,2
202,TIACD,9
203,LYLAKK,4
204,LKDAI,7
205,SAFSV,1
206,LNCAIVG,5
207,LFLAKK,4
208,NFKVW,6
209,CVIVG,1
210,FCAIV,4
211,LFCCIYG,5
212,VVPEG,1
213,LFLAKT,4
214,VHVLM,4
215,LFCAIGG,5
216,GITCD,9
217,LFCAIIG,5
218,VHVIV,7
219,TIRCD,9
220,DEERAW,2
221,DEERGL,2
222,QFKVW,6
223,AITCD,9
224,GVAGSA,1
225,RLLR,10
226,VHVLVK,7
227,YMDDFN,0
228,VVPKQ,0
229,FIEAAVL,4
230,LFLAKE,4
231,CDADKLQ,3
232,DEERGG,2
233,HLKDAIK,3
234,LDDFN,0
235,YGDDA,0
236,KEAIK,10
237,DLKKAIK,3
238,HLKKAIK,3
239,ALKDAIK,3
240,DEERV,2
241,LVCAIVG,5
242,TITCE,9
243,WQFFW,6
244,DGVFK,0
245,GSAFPVD,8
246,CAIVG,1
247,GSAFSVR,8
248,IDEGDTV,3
249,GGAFPVD,8
250,KLKKAIK,3
251,DDVFD,0
252,FIEDAAL,4
253,TIYCD,9
254,MVKPF,0
255,YSDEA,0
256,EITCD,9
257,GSAFPVE,8
258,FPVDI,0
259,MVKLY,4
260,LWCAVVG,5
261,NFAKW,6
262,DEERGV,2
263,DLKDVIK,3
264,CSIVG,1
