,motif,CLUMP,seq_id,start,end,dataset
0,DDVFH,0,OG0002722,305,310,negative
1,SAFPV,1,OG0001226,223,228,negative
2,SAFPV,1,OG0001696,97,102,negative
3,SAFPV,1,OG0001772,52,57,negative
4,SAFPV,1,OG0003553,421,426,negative
5,DEERG,2,OG0000009,1937,1942,negative
6,DEERG,2,OG0001163,970,975,negative
7,DEERG,2,OG0002030,590,595,negative
8,DEERG,2,OG0003347,227,232,negative
9,EEERA,2,OG0000039,1784,1789,negative
10,EEERA,2,OG0000913,670,675,negative
11,EEERA,2,OG0001748,898,903,negative
12,EEERA,2,OG0002217,288,293,negative
13,EEERA,2,OG0002772,242,247,negative
14,EEERA,2,OG0003085,177,182,negative
15,EEERA,2,OG0003486,114,119,negative
16,EEERA,2,OG0003612,854,859,negative
17,EEERA,2,OG0003616,742,747,negative
18,EEERA,2,OG0003735,155,160,negative
19,LFAAKK,4,OG0003679,947,953,negative
20,VVPEH,0,OG0003101,11,16,negative
21,MVKLF,4,OG0000083,204,209,negative
22,MVKLF,4,OG0000836,45,50,negative
23,YGDEM,0,OG0002392,23,28,negative
24,VNVLV,7,OG0001834,141,146,negative
25,VNVLV,7,OG0002880,225,230,negative
26,QFKQW,6,OG0000670,541,546,negative
27,IHVLV,7,OG0001765,486,491,negative
28,LVGDL,1,OG0001819,269,274,negative
29,LVGDL,1,OG0002086,459,464,negative
30,LVGDL,1,OG0003212,278,283,negative
31,QFKRW,6,OG0003427,350,355,negative
32,EHAQT,2,OG0000550,84,89,negative
33,GEKTA,2,OG0000000,193,198,negative
34,GEKTA,2,OG0000000,510,515,negative
35,GEKTA,2,OG0002567,330,335,negative
36,GEKTA,2,OG0003454,69,74,negative
37,GEKTT,2,OG0001143,397,402,negative
38,RFQR,10,OG0000118,4,8,negative
39,RFQR,10,OG0000191,306,310,negative
40,RFQR,10,OG0000266,357,361,negative
41,RFQR,10,OG0000571,1373,1377,negative
42,RFQR,10,OG0000689,490,494,negative
43,RFQR,10,OG0000707,456,460,negative
44,RFQR,10,OG0001178,379,383,negative
45,RFQR,10,OG0001231,69,73,negative
46,RFQR,10,OG0001697,859,863,negative
47,RFQR,10,OG0001861,191,195,negative
48,RFQR,10,OG0001889,933,937,negative
49,RFQR,10,OG0001984,216,220,negative
50,RFQR,10,OG0002077,789,793,negative
51,RFQR,10,OG0002140,1221,1225,negative
52,RFQR,10,OG0002169,1087,1091,negative
53,RFQR,10,OG0002259,740,744,negative
54,RFQR,10,OG0002469,38,42,negative
55,RFQR,10,OG0002527,37,41,negative
56,RFQR,10,OG0002845,365,369,negative
57,RFQR,10,OG0003562,544,548,negative
58,RFQR,10,OG0003756,280,284,negative
59,RFQR,10,OG0003760,512,516,negative
60,RFQR,10,OG0003859,73,77,negative
61,EEERG,2,OG0000732,759,764,negative
62,EEERG,2,OG0001934,250,255,negative
63,EEERG,2,OG0003035,422,427,negative
64,EEERG,2,OG0003716,465,470,negative
65,EEERG,2,OG0003777,48,53,negative
66,LLASP,1,OG0000710,536,541,negative
67,LLASP,1,OG0000883,746,751,negative
68,LLASP,1,OG0001097,224,229,negative
69,LLASP,1,OG0001388,1023,1028,negative
70,LLASP,1,OG0001750,546,551,negative
71,LLASP,1,OG0001853,597,602,negative
72,LLASP,1,OG0002156,148,153,negative
73,LLASP,1,OG0002885,215,220,negative
74,LLASP,1,OG0002893,298,303,negative
75,VDDFN,0,OG0001024,341,346,negative
76,QFKTW,6,OG0002751,206,211,negative
77,QFKTW,6,OG0003596,276,281,negative
78,MVTLF,4,OG0000036,1307,1312,negative
79,MVTLF,4,OG0000605,243,248,negative
80,RYLR,6,OG0000416,36,40,negative
81,RYLR,6,OG0000705,376,380,negative
82,RYLR,6,OG0000883,521,525,negative
83,RYLR,6,OG0000891,365,369,negative
84,RYLR,6,OG0000903,357,361,negative
85,RYLR,6,OG0001010,879,883,negative
86,RYLR,6,OG0001050,1619,1623,negative
87,RYLR,6,OG0001059,802,806,negative
88,RYLR,6,OG0001088,1343,1347,negative
89,RYLR,6,OG0001162,421,425,negative
90,RYLR,6,OG0001330,1858,1862,negative
91,RYLR,6,OG0001346,592,596,negative
92,RYLR,6,OG0001358,10,14,negative
93,RYLR,6,OG0001372,417,421,negative
94,RYLR,6,OG0001665,548,552,negative
95,RYLR,6,OG0001674,154,158,negative
96,RYLR,6,OG0001696,513,517,negative
97,RYLR,6,OG0001819,167,171,negative
98,RYLR,6,OG0001915,621,625,negative
99,RYLR,6,OG0002064,208,212,negative
100,RYLR,6,OG0002076,70,74,negative
101,RYLR,6,OG0002370,1851,1855,negative
102,RYLR,6,OG0002515,828,832,negative
103,RYLR,6,OG0002646,607,611,negative
104,RYLR,6,OG0002732,126,130,negative
105,RYLR,6,OG0002837,58,62,negative
106,RYLR,6,OG0003420,69,73,negative
107,RYLR,6,OG0003473,327,331,negative
108,VHVLQ,7,OG0001579,992,997,negative
109,RFLR,6,OG0000188,8,12,negative
110,RFLR,6,OG0000255,9,13,negative
111,RFLR,6,OG0000327,281,285,negative
112,RFLR,6,OG0000437,409,413,negative
113,RFLR,6,OG0000476,528,532,negative
114,RFLR,6,OG0000550,1968,1972,negative
115,RFLR,6,OG0000562,2435,2439,negative
116,RFLR,6,OG0000581,699,703,negative
117,RFLR,6,OG0000666,668,672,negative
118,RFLR,6,OG0000688,318,322,negative
119,RFLR,6,OG0000732,63,67,negative
120,RFLR,6,OG0000732,743,747,negative
121,RFLR,6,OG0000861,635,639,negative
122,RFLR,6,OG0000897,95,99,negative
123,RFLR,6,OG0000931,427,431,negative
124,RFLR,6,OG0001006,1,5,negative
125,RFLR,6,OG0001019,799,803,negative
126,RFLR,6,OG0001073,277,281,negative
127,RFLR,6,OG0001097,803,807,negative
128,RFLR,6,OG0001121,24,28,negative
129,RFLR,6,OG0001204,456,460,negative
130,RFLR,6,OG0001216,1261,1265,negative
131,RFLR,6,OG0001252,1156,1160,negative
132,RFLR,6,OG0001252,3430,3434,negative
133,RFLR,6,OG0001297,283,287,negative
134,RFLR,6,OG0001359,192,196,negative
135,RFLR,6,OG0001382,165,169,negative
136,RFLR,6,OG0001386,192,196,negative
137,RFLR,6,OG0001680,912,916,negative
138,RFLR,6,OG0001696,726,730,negative
139,RFLR,6,OG0001765,24,28,negative
140,RFLR,6,OG0001871,12,16,negative
141,RFLR,6,OG0001895,656,660,negative
142,RFLR,6,OG0001951,955,959,negative
143,RFLR,6,OG0001958,602,606,negative
144,RFLR,6,OG0002004,863,867,negative
145,RFLR,6,OG0002040,358,362,negative
146,RFLR,6,OG0002114,818,822,negative
147,RFLR,6,OG0002120,14,18,negative
148,RFLR,6,OG0002192,374,378,negative
149,RFLR,6,OG0002197,521,525,negative
150,RFLR,6,OG0002353,115,119,negative
151,RFLR,6,OG0002377,5,9,negative
152,RFLR,6,OG0002459,291,295,negative
153,RFLR,6,OG0002465,1521,1525,negative
154,RFLR,6,OG0002488,10,14,negative
155,RFLR,6,OG0002607,322,326,negative
156,RFLR,6,OG0002683,1170,1174,negative
157,RFLR,6,OG0002902,89,93,negative
158,RFLR,6,OG0002929,472,476,negative
159,RFLR,6,OG0002992,126,130,negative
160,RFLR,6,OG0003065,433,437,negative
161,RFLR,6,OG0003123,50,54,negative
162,RFLR,6,OG0003142,169,173,negative
163,RFLR,6,OG0003266,285,289,negative
164,RFLR,6,OG0003266,713,717,negative
165,RFLR,6,OG0003437,353,357,negative
166,RFLR,6,OG0003507,3073,3077,negative
167,RFLR,6,OG0003619,543,547,negative
168,RFLR,6,OG0003837,644,648,negative
169,YGDEK,2,OG0003640,241,246,negative
170,RHLR,10,OG0000009,1357,1361,negative
171,RHLR,10,OG0000117,674,678,negative
172,RHLR,10,OG0000410,182,186,negative
173,RHLR,10,OG0000415,189,193,negative
174,RHLR,10,OG0000438,98,102,negative
175,RHLR,10,OG0001334,680,684,negative
176,RHLR,10,OG0001580,952,956,negative
177,RHLR,10,OG0001603,671,675,negative
178,RHLR,10,OG0001951,909,913,negative
179,RHLR,10,OG0002523,952,956,negative
180,RHLR,10,OG0002588,49,53,negative
181,RHLR,10,OG0002635,12,16,negative
182,RHLR,10,OG0002835,133,137,negative
183,RHLR,10,OG0002868,141,145,negative
184,RHLR,10,OG0003413,107,111,negative
185,RHLR,10,OG0003445,10,14,negative
186,RHLR,10,OG0003449,174,178,negative
187,RHLR,10,OG0003573,468,472,negative
188,RHLR,10,OG0003583,6,10,negative
189,RHLR,10,OG0003817,947,951,negative
190,RNLR,10,OG0000355,295,299,negative
191,RNLR,10,OG0000550,1218,1222,negative
192,RNLR,10,OG0000676,1712,1716,negative
193,RNLR,10,OG0000846,1447,1451,negative
194,RNLR,10,OG0000894,97,101,negative
195,RNLR,10,OG0001068,953,957,negative
196,RNLR,10,OG0001130,784,788,negative
197,RNLR,10,OG0001329,349,353,negative
198,RNLR,10,OG0001330,1855,1859,negative
199,RNLR,10,OG0001578,1172,1176,negative
200,RNLR,10,OG0001580,1508,1512,negative
201,RNLR,10,OG0001719,933,937,negative
202,RNLR,10,OG0001720,860,864,negative
203,RNLR,10,OG0001776,181,185,negative
204,RNLR,10,OG0001878,99,103,negative
205,RNLR,10,OG0002077,55,59,negative
206,RNLR,10,OG0002448,121,125,negative
207,RNLR,10,OG0002498,159,163,negative
208,RNLR,10,OG0002573,415,419,negative
209,RNLR,10,OG0002877,99,103,negative
210,RNLR,10,OG0002898,888,892,negative
211,RNLR,10,OG0002934,517,521,negative
212,RNLR,10,OG0003000,866,870,negative
213,RNLR,10,OG0003004,277,281,negative
214,RNLR,10,OG0003038,1473,1477,negative
215,RNLR,10,OG0003081,81,85,negative
216,RNLR,10,OG0003372,517,521,negative
217,RNLR,10,OG0003381,1493,1497,negative
218,RNLR,10,OG0003393,542,546,negative
219,RNLR,10,OG0003525,41,45,negative
220,RNLR,10,OG0003540,220,224,negative
221,RNLR,10,OG0003560,172,176,negative
222,RNLR,10,OG0003668,140,144,negative
223,RNLR,10,OG0003816,80,84,negative
224,RNLR,10,OG0003897,62,66,negative
225,KDAIK,10,OG0000430,423,428,negative
226,KDAIK,10,OG0000595,310,315,negative
227,KDAIK,10,OG0002442,99,104,negative
228,MVKFF,6,OG0000630,53,58,negative
229,TATCD,9,OG0001317,86,91,negative
230,MVGDL,1,OG0001929,229,234,negative
231,RMLR,10,OG0000119,1304,1308,negative
232,RMLR,10,OG0000167,83,87,negative
233,RMLR,10,OG0000668,185,189,negative
234,RMLR,10,OG0000704,396,400,negative
235,RMLR,10,OG0000724,1095,1099,negative
236,RMLR,10,OG0000875,288,292,negative
237,RMLR,10,OG0000993,1049,1053,negative
238,RMLR,10,OG0001096,476,480,negative
239,RMLR,10,OG0001279,868,872,negative
240,RMLR,10,OG0001285,216,220,negative
241,RMLR,10,OG0001392,4374,4378,negative
242,RMLR,10,OG0001633,1344,1348,negative
243,RMLR,10,OG0001763,136,140,negative
244,RMLR,10,OG0001833,386,390,negative
245,RMLR,10,OG0001852,559,563,negative
246,RMLR,10,OG0001915,571,575,negative
247,RMLR,10,OG0002329,352,356,negative
248,RMLR,10,OG0002359,648,652,negative
249,RMLR,10,OG0002443,855,859,negative
250,RMLR,10,OG0002443,1057,1061,negative
251,RMLR,10,OG0002593,914,918,negative
252,RMLR,10,OG0002617,2215,2219,negative
253,RMLR,10,OG0002670,170,174,negative
254,RMLR,10,OG0002694,1013,1017,negative
255,RMLR,10,OG0002709,418,422,negative
256,RMLR,10,OG0002780,247,251,negative
257,RMLR,10,OG0002970,704,708,negative
258,RMLR,10,OG0002991,781,785,negative
259,RMLR,10,OG0003122,155,159,negative
260,RMLR,10,OG0003204,534,538,negative
261,RMLR,10,OG0003300,52,56,negative
262,RMLR,10,OG0003350,62,66,negative
263,RMLR,10,OG0003395,267,271,negative
264,RMLR,10,OG0003405,361,365,negative
265,RMLR,10,OG0003462,136,140,negative
266,RMLR,10,OG0003760,1676,1680,negative
267,MEERG,2,OG0003254,0,5,negative
268,MEERG,2,OG0003504,668,673,negative
269,YGDEA,0,OG0002564,189,194,negative
270,WLATG,1,OG0003820,262,267,negative
271,MVKLL,4,OG0003654,44,49,negative
272,RRLR,10,OG0000014,365,369,negative
273,RRLR,10,OG0000018,404,408,negative
274,RRLR,10,OG0000134,3938,3942,negative
275,RRLR,10,OG0000195,596,600,negative
276,RRLR,10,OG0000266,1309,1313,negative
277,RRLR,10,OG0000273,767,771,negative
278,RRLR,10,OG0000351,888,892,negative
279,RRLR,10,OG0000408,35,39,negative
280,RRLR,10,OG0000452,192,196,negative
281,RRLR,10,OG0000550,3523,3527,negative
282,RRLR,10,OG0000569,638,642,negative
283,RRLR,10,OG0000589,414,418,negative
284,RRLR,10,OG0000637,981,985,negative
285,RRLR,10,OG0000704,46,50,negative
286,RRLR,10,OG0000734,419,423,negative
287,RRLR,10,OG0000834,2159,2163,negative
288,RRLR,10,OG0000843,346,350,negative
289,RRLR,10,OG0000846,924,928,negative
290,RRLR,10,OG0000874,158,162,negative
291,RRLR,10,OG0000883,49,53,negative
292,RRLR,10,OG0000921,440,444,negative
293,RRLR,10,OG0000991,1016,1020,negative
294,RRLR,10,OG0001006,1200,1204,negative
295,RRLR,10,OG0001059,655,659,negative
296,RRLR,10,OG0001092,532,536,negative
297,RRLR,10,OG0001164,3317,3321,negative
298,RRLR,10,OG0001185,117,121,negative
299,RRLR,10,OG0001221,499,503,negative
300,RRLR,10,OG0001239,151,155,negative
301,RRLR,10,OG0001294,46,50,negative
302,RRLR,10,OG0001332,1012,1016,negative
303,RRLR,10,OG0001350,406,410,negative
304,RRLR,10,OG0001359,1023,1027,negative
305,RRLR,10,OG0001384,1729,1733,negative
306,RRLR,10,OG0001613,1188,1192,negative
307,RRLR,10,OG0001695,379,383,negative
308,RRLR,10,OG0001723,1135,1139,negative
309,RRLR,10,OG0001724,1153,1157,negative
310,RRLR,10,OG0001790,411,415,negative
311,RRLR,10,OG0001803,1017,1021,negative
312,RRLR,10,OG0001810,100,104,negative
313,RRLR,10,OG0001833,81,85,negative
314,RRLR,10,OG0001890,1430,1434,negative
315,RRLR,10,OG0001920,978,982,negative
316,RRLR,10,OG0001923,240,244,negative
317,RRLR,10,OG0001954,587,591,negative
318,RRLR,10,OG0001970,1250,1254,negative
319,RRLR,10,OG0002026,82,86,negative
320,RRLR,10,OG0002032,405,409,negative
321,RRLR,10,OG0002043,811,815,negative
322,RRLR,10,OG0002045,111,115,negative
323,RRLR,10,OG0002086,64,68,negative
324,RRLR,10,OG0002109,141,145,negative
325,RRLR,10,OG0002140,864,868,negative
326,RRLR,10,OG0002181,50,54,negative
327,RRLR,10,OG0002198,8,12,negative
328,RRLR,10,OG0002212,48,52,negative
329,RRLR,10,OG0002292,67,71,negative
330,RRLR,10,OG0002321,8,12,negative
331,RRLR,10,OG0002323,139,143,negative
332,RRLR,10,OG0002377,2,6,negative
333,RRLR,10,OG0002400,2749,2753,negative
334,RRLR,10,OG0002465,1998,2002,negative
335,RRLR,10,OG0002532,12,16,negative
336,RRLR,10,OG0002589,169,173,negative
337,RRLR,10,OG0002643,41,45,negative
338,RRLR,10,OG0002658,460,464,negative
339,RRLR,10,OG0002673,328,332,negative
340,RRLR,10,OG0002698,483,487,negative
341,RRLR,10,OG0002797,679,683,negative
342,RRLR,10,OG0002798,61,65,negative
343,RRLR,10,OG0002853,324,328,negative
344,RRLR,10,OG0002858,5,9,negative
345,RRLR,10,OG0002860,258,262,negative
346,RRLR,10,OG0002875,1041,1045,negative
347,RRLR,10,OG0002888,311,315,negative
348,RRLR,10,OG0002913,65,69,negative
349,RRLR,10,OG0002935,1155,1159,negative
350,RRLR,10,OG0003077,314,318,negative
351,RRLR,10,OG0003168,119,123,negative
352,RRLR,10,OG0003222,464,468,negative
353,RRLR,10,OG0003276,504,508,negative
354,RRLR,10,OG0003312,301,305,negative
355,RRLR,10,OG0003333,79,83,negative
356,RRLR,10,OG0003347,81,85,negative
357,RRLR,10,OG0003405,129,133,negative
358,RRLR,10,OG0003407,3036,3040,negative
359,RRLR,10,OG0003451,65,69,negative
360,RRLR,10,OG0003452,119,123,negative
361,RRLR,10,OG0003562,1003,1007,negative
362,RRLR,10,OG0003589,593,597,negative
363,RRLR,10,OG0003617,77,81,negative
364,RRLR,10,OG0003658,351,355,negative
365,RRLR,10,OG0003688,122,126,negative
366,RRLR,10,OG0003733,58,62,negative
367,RRLR,10,OG0003741,35,39,negative
368,RRLR,10,OG0003790,424,428,negative
369,RRLR,10,OG0003791,307,311,negative
370,RRLR,10,OG0003822,1150,1154,negative
371,RRLR,10,OG0003859,452,456,negative
372,RRLR,10,OG0003861,241,245,negative
373,RRLR,10,OG0003902,979,983,negative
374,VHILV,7,OG0003211,86,91,negative
375,DEERI,2,OG0001208,644,649,negative
376,DEERI,2,OG0002616,209,214,negative
377,IHILV,7,OG0001016,641,646,negative
378,KLFLA,4,OG0001782,113,118,negative
379,KLFLA,4,OG0002252,213,218,negative
380,DEERA,2,OG0002890,3,8,negative
381,QLFLA,4,OG0001831,320,325,negative
382,TITGD,9,OG0001254,625,630,negative
383,TITGD,9,OG0002046,712,717,negative
384,VDDFL,7,OG0002152,293,298,negative
385,VDDFL,7,OG0003754,74,79,negative
386,MVKLV,4,OG0000999,390,395,negative
387,MVKLV,4,OG0002066,925,930,negative
388,MVKLV,4,OG0003748,295,300,negative
389,CSVVG,1,OG0002014,10,15,negative
390,CSVVG,1,OG0002779,33,38,negative
391,VVPEQ,0,OG0000349,337,342,negative
392,VVPEQ,0,OG0000445,380,385,negative
393,VVPEQ,0,OG0003054,176,181,negative
394,DDVFT,0,OG0001010,1018,1023,negative
395,DDVFT,0,OG0003389,418,423,negative
396,DDVFK,0,OG0002084,69,74,negative
397,DDVFK,0,OG0002317,48,53,negative
398,LMASP,1,OG0000480,730,735,negative
399,LMASP,1,OG0003632,14,19,negative
400,RSLR,10,OG0000220,626,630,negative
401,RSLR,10,OG0000220,678,682,negative
402,RSLR,10,OG0000337,341,345,negative
403,RSLR,10,OG0000410,185,189,negative
404,RSLR,10,OG0000463,854,858,negative
405,RSLR,10,OG0000567,5,9,negative
406,RSLR,10,OG0000603,433,437,negative
407,RSLR,10,OG0000611,868,872,negative
408,RSLR,10,OG0000651,942,946,negative
409,RSLR,10,OG0000652,116,120,negative
410,RSLR,10,OG0000739,782,786,negative
411,RSLR,10,OG0000955,1048,1052,negative
412,RSLR,10,OG0000969,1065,1069,negative
413,RSLR,10,OG0001038,613,617,negative
414,RSLR,10,OG0001040,301,305,negative
415,RSLR,10,OG0001087,278,282,negative
416,RSLR,10,OG0001097,496,500,negative
417,RSLR,10,OG0001108,1832,1836,negative
418,RSLR,10,OG0001135,99,103,negative
419,RSLR,10,OG0001142,922,926,negative
420,RSLR,10,OG0001145,76,80,negative
421,RSLR,10,OG0001191,340,344,negative
422,RSLR,10,OG0001195,214,218,negative
423,RSLR,10,OG0001220,178,182,negative
424,RSLR,10,OG0001249,281,285,negative
425,RSLR,10,OG0001252,1506,1510,negative
426,RSLR,10,OG0001268,383,387,negative
427,RSLR,10,OG0001291,2,6,negative
428,RSLR,10,OG0001384,647,651,negative
429,RSLR,10,OG0001590,221,225,negative
430,RSLR,10,OG0001601,793,797,negative
431,RSLR,10,OG0001605,655,659,negative
432,RSLR,10,OG0001670,64,68,negative
433,RSLR,10,OG0001685,1086,1090,negative
434,RSLR,10,OG0001712,295,299,negative
435,RSLR,10,OG0001740,16,20,negative
436,RSLR,10,OG0001816,944,948,negative
437,RSLR,10,OG0001882,125,129,negative
438,RSLR,10,OG0001890,1353,1357,negative
439,RSLR,10,OG0001910,698,702,negative
440,RSLR,10,OG0001941,323,327,negative
441,RSLR,10,OG0001993,237,241,negative
442,RSLR,10,OG0002120,1633,1637,negative
443,RSLR,10,OG0002155,1231,1235,negative
444,RSLR,10,OG0002192,554,558,negative
445,RSLR,10,OG0002199,175,179,negative
446,RSLR,10,OG0002267,457,461,negative
447,RSLR,10,OG0002289,141,145,negative
448,RSLR,10,OG0002289,853,857,negative
449,RSLR,10,OG0002341,356,360,negative
450,RSLR,10,OG0002367,13,17,negative
451,RSLR,10,OG0002389,550,554,negative
452,RSLR,10,OG0002402,1019,1023,negative
453,RSLR,10,OG0002589,166,170,negative
454,RSLR,10,OG0002610,270,274,negative
455,RSLR,10,OG0002612,51,55,negative
456,RSLR,10,OG0002877,610,614,negative
457,RSLR,10,OG0002996,28,32,negative
458,RSLR,10,OG0003078,850,854,negative
459,RSLR,10,OG0003106,352,356,negative
460,RSLR,10,OG0003143,468,472,negative
461,RSLR,10,OG0003149,256,260,negative
462,RSLR,10,OG0003235,61,65,negative
463,RSLR,10,OG0003243,12,16,negative
464,RSLR,10,OG0003258,64,68,negative
465,RSLR,10,OG0003315,427,431,negative
466,RSLR,10,OG0003342,719,723,negative
467,RSLR,10,OG0003476,480,484,negative
468,RSLR,10,OG0003529,771,775,negative
469,RSLR,10,OG0003545,565,569,negative
470,RSLR,10,OG0003568,204,208,negative
471,RSLR,10,OG0003616,377,381,negative
472,RSLR,10,OG0003619,737,741,negative
473,RSLR,10,OG0003658,1247,1251,negative
474,RSLR,10,OG0003758,39,43,negative
475,RSLR,10,OG0003783,7,11,negative
476,RSLR,10,OG0003837,1591,1595,negative
477,QFKIW,6,OG0000033,8,13,negative
478,NFKAW,6,OG0000009,2007,2012,negative
479,SEERG,2,OG0003828,593,598,negative
480,SAFSV,1,OG0001744,24,29,negative
481,LFCCIYG,5,OG0000040,17,24,negative
482,VVPEG,1,OG0001389,519,524,negative
483,VVPEG,1,OG0002582,176,181,negative
484,VHVIV,7,OG0002419,335,340,negative
485,QFKVW,6,OG0003634,243,248,negative
486,RLLR,10,OG0000013,77,81,negative
487,RLLR,10,OG0000119,538,542,negative
488,RLLR,10,OG0000156,143,147,negative
489,RLLR,10,OG0000197,185,189,negative
490,RLLR,10,OG0000220,259,263,negative
491,RLLR,10,OG0000266,856,860,negative
492,RLLR,10,OG0000328,67,71,negative
493,RLLR,10,OG0000345,88,92,negative
494,RLLR,10,OG0000358,1029,1033,negative
495,RLLR,10,OG0000365,7,11,negative
496,RLLR,10,OG0000431,191,195,negative
497,RLLR,10,OG0000470,813,817,negative
498,RLLR,10,OG0000471,850,854,negative
499,RLLR,10,OG0000545,52,56,negative
500,RLLR,10,OG0000562,3,7,negative
501,RLLR,10,OG0000584,26,30,negative
502,RLLR,10,OG0000596,67,71,negative
503,RLLR,10,OG0000637,314,318,negative
504,RLLR,10,OG0000637,596,600,negative
505,RLLR,10,OG0000681,724,728,negative
506,RLLR,10,OG0000713,245,249,negative
507,RLLR,10,OG0000826,557,561,negative
508,RLLR,10,OG0000861,79,83,negative
509,RLLR,10,OG0000890,1093,1097,negative
510,RLLR,10,OG0000901,88,92,negative
511,RLLR,10,OG0000936,995,999,negative
512,RLLR,10,OG0000990,601,605,negative
513,RLLR,10,OG0000991,563,567,negative
514,RLLR,10,OG0001070,98,102,negative
515,RLLR,10,OG0001092,57,61,negative
516,RLLR,10,OG0001096,1613,1617,negative
517,RLLR,10,OG0001135,1732,1736,negative
518,RLLR,10,OG0001155,1816,1820,negative
519,RLLR,10,OG0001225,174,178,negative
520,RLLR,10,OG0001252,4309,4313,negative
521,RLLR,10,OG0001260,457,461,negative
522,RLLR,10,OG0001281,399,403,negative
523,RLLR,10,OG0001297,226,230,negative
524,RLLR,10,OG0001302,1446,1450,negative
525,RLLR,10,OG0001332,900,904,negative
526,RLLR,10,OG0001359,322,326,negative
527,RLLR,10,OG0001392,409,413,negative
528,RLLR,10,OG0001392,2724,2728,negative
529,RLLR,10,OG0001585,1935,1939,negative
530,RLLR,10,OG0001632,381,385,negative
531,RLLR,10,OG0001695,225,229,negative
532,RLLR,10,OG0001703,4,8,negative
533,RLLR,10,OG0001738,1393,1397,negative
534,RLLR,10,OG0001751,704,708,negative
535,RLLR,10,OG0001869,78,82,negative
536,RLLR,10,OG0001899,908,912,negative
537,RLLR,10,OG0001970,558,562,negative
538,RLLR,10,OG0001973,1081,1085,negative
539,RLLR,10,OG0001980,1213,1217,negative
540,RLLR,10,OG0001999,46,50,negative
541,RLLR,10,OG0002007,1063,1067,negative
542,RLLR,10,OG0002012,390,394,negative
543,RLLR,10,OG0002013,74,78,negative
544,RLLR,10,OG0002026,1353,1357,negative
545,RLLR,10,OG0002033,45,49,negative
546,RLLR,10,OG0002047,483,487,negative
547,RLLR,10,OG0002252,243,247,negative
548,RLLR,10,OG0002275,225,229,negative
549,RLLR,10,OG0002306,6,10,negative
550,RLLR,10,OG0002307,4,8,negative
551,RLLR,10,OG0002321,11,15,negative
552,RLLR,10,OG0002325,514,518,negative
553,RLLR,10,OG0002346,542,546,negative
554,RLLR,10,OG0002346,1576,1580,negative
555,RLLR,10,OG0002353,1011,1015,negative
556,RLLR,10,OG0002370,1984,1988,negative
557,RLLR,10,OG0002428,370,374,negative
558,RLLR,10,OG0002460,145,149,negative
559,RLLR,10,OG0002550,786,790,negative
560,RLLR,10,OG0002557,319,323,negative
561,RLLR,10,OG0002558,84,88,negative
562,RLLR,10,OG0002585,719,723,negative
563,RLLR,10,OG0002589,271,275,negative
564,RLLR,10,OG0002591,1927,1931,negative
565,RLLR,10,OG0002635,2,6,negative
566,RLLR,10,OG0002636,55,59,negative
567,RLLR,10,OG0002640,11,15,negative
568,RLLR,10,OG0002752,86,90,negative
569,RLLR,10,OG0002810,5,9,negative
570,RLLR,10,OG0002827,241,245,negative
571,RLLR,10,OG0002868,248,252,negative
572,RLLR,10,OG0002880,390,394,negative
573,RLLR,10,OG0002892,338,342,negative
574,RLLR,10,OG0002892,1151,1155,negative
575,RLLR,10,OG0002969,7,11,negative
576,RLLR,10,OG0002996,2,6,negative
577,RLLR,10,OG0003019,299,303,negative
578,RLLR,10,OG0003079,1027,1031,negative
579,RLLR,10,OG0003144,1206,1210,negative
580,RLLR,10,OG0003144,1331,1335,negative
581,RLLR,10,OG0003221,2923,2927,negative
582,RLLR,10,OG0003333,70,74,negative
583,RLLR,10,OG0003410,162,166,negative
584,RLLR,10,OG0003578,495,499,negative
585,RLLR,10,OG0003605,133,137,negative
586,RLLR,10,OG0003641,101,105,negative
587,RLLR,10,OG0003644,128,132,negative
588,RLLR,10,OG0003658,883,887,negative
589,RLLR,10,OG0003682,12,16,negative
590,RLLR,10,OG0003693,383,387,negative
591,DEERGG,2,OG0003347,227,233,negative
592,YGDDA,0,OG0000885,384,389,negative
593,YGDDA,0,OG0003686,368,373,negative
594,YGDDA,0,OG0003744,8,13,negative
595,KEAIK,10,OG0001121,269,274,negative
596,KEAIK,10,OG0002442,30,35,negative
597,DEERV,2,OG0001097,682,687,negative
598,DEERV,2,OG0001139,299,304,negative
599,DEERV,2,OG0001229,108,113,negative
600,DEERV,2,OG0003407,1665,1670,negative
601,DEERV,2,OG0003658,909,914,negative
602,CAIVG,1,OG0001260,352,357,negative
603,CAIVG,1,OG0001864,350,355,negative
604,YSDEA,0,OG0002127,407,412,negative
605,YSDEA,0,OG0003873,750,755,negative
606,EITCD,9,OG0000899,1403,1408,negative
607,NFAKW,6,OG0003883,185,190,negative
608,CSIVG,1,OG0003032,293,298,negative
